City,Country
Montevideo,Uruguay
Montevideo,Uruguay
Montevideo,Uruguay
Montevideo,Uruguay
Montevideo,Uruguay
Montevideo,Uruguay
Montevideo,Uruguay
Montevideo,Uruguay
Montevideo,Uruguay
Montevideo,Uruguay
Montevideo,Uruguay
Montevideo,Uruguay
Montevideo,Uruguay
Montevideo,Uruguay
Montevideo,Uruguay
Montevideo,Uruguay
Montevideo,Uruguay
Montevideo,Uruguay
Montevideo,Uruguay
Montevideo,Uruguay
Montevideo,Uruguay
Montevideo,Uruguay
Montevideo,Uruguay
Montevideo,Uruguay
Montevideo,Uruguay
Montevideo,Uruguay
Montevideo,Uruguay
Montevideo,Uruguay
Montevideo,Uruguay
Montevideo,Uruguay
Montevideo,Uruguay
Montevideo,Uruguay
Montevideo,Uruguay
Montevideo,Uruguay
Montevideo,Uruguay
Montevideo,Uruguay
Montevideo,Uruguay
Montevideo,Uruguay
Montevideo,Uruguay
Montevideo,Uruguay
Montevideo,Uruguay
Montevideo,Uruguay
Montevideo,Uruguay
Montevideo,Uruguay
Montevideo,Uruguay
Montevideo,Uruguay
Montevideo,Uruguay
Montevideo,Uruguay
Montevideo,Uruguay
Montevideo,Uruguay
Montevideo,Uruguay
Montevideo,Uruguay
Montevideo,Uruguay
Montevideo,Uruguay
Montevideo,Uruguay
Montevideo,Uruguay
Montevideo,Uruguay
Montevideo,Uruguay
Montevideo,Uruguay
Montevideo,Uruguay
Montevideo,Uruguay
Montevideo,Uruguay
Montevideo,Uruguay
Montevideo,Uruguay
Montevideo,Uruguay
Montevideo,Uruguay
Montevideo,Uruguay
